t,theta,omega
0.00000000,0.20000000,0.00000000
0.01000000,0.20000000,-0.01448979
0.02000000,0.19985510,-0.02890914
0.03000000,0.19956601,-0.04324646
0.04000000,0.19913355,-0.05749029
0.05000000,0.19855864,-0.07162930
0.06000000,0.19784235,-0.08565232
0.07000000,0.19698583,-0.09954830
0.08000000,0.19599034,-0.11330637
0.09000000,0.19485728,-0.12691579
0.10000000,0.19358812,-0.14036603
0.11000000,0.19218446,-0.15364673
0.12000000,0.19064799,-0.16674770
0.13000000,0.18898052,-0.17965896
0.14000000,0.18718393,-0.19237072
0.15000000,0.18526022,-0.20487343
0.16000000,0.18321149,-0.21715772
0.17000000,0.18103991,-0.22921447
0.18000000,0.17874776,-0.24103477
0.19000000,0.17633742,-0.25260996
0.20000000,0.17381132,-0.26393163
0.21000000,0.17117200,-0.27499161
0.22000000,0.16842209,-0.28578200
0.23000000,0.16556427,-0.29629513
0.24000000,0.16260131,-0.30652364
0.25000000,0.15953608,-0.31646043
0.26000000,0.15637147,-0.32609866
0.27000000,0.15311049,-0.33543180
0.28000000,0.14975617,-0.34445362
0.29000000,0.14631163,-0.35315814
0.30000000,0.14278005,-0.36153973
0.31000000,0.13916465,-0.36959304
0.32000000,0.13546872,-0.37731304
0.33000000,0.13169559,-0.38469499
0.34000000,0.12784864,-0.39173450
0.35000000,0.12393130,-0.39842747
0.36000000,0.11994702,-0.40477015
0.37000000,0.11589932,-0.41075910
0.38000000,0.11179173,-0.41639121
0.39000000,0.10762782,-0.42166370
0.40000000,0.10341118,-0.42657413
0.41000000,0.09914544,-0.43112039
0.42000000,0.09483424,-0.43530070
0.43000000,0.09048123,-0.43911364
0.44000000,0.08609009,-0.44255809
0.45000000,0.08166451,-0.44563331
0.46000000,0.07720818,-0.44833885
0.47000000,0.07272479,-0.45067463
0.48000000,0.06821804,-0.45264091
0.49000000,0.06369164,-0.45423826
0.50000000,0.05914925,-0.45546759
0.51000000,0.05459458,-0.45633015
0.52000000,0.05003128,-0.45682751
0.53000000,0.04546300,-0.45696158
0.54000000,0.04089338,-0.45673458
0.55000000,0.03632604,-0.45614904
0.56000000,0.03176455,-0.45520782
0.57000000,0.02721247,-0.45391410
0.58000000,0.02267333,-0.45227134
0.59000000,0.01815062,-0.45028332
0.60000000,0.01364778,-0.44795411
0.61000000,0.00916824,-0.44528808
0.62000000,0.00471536,-0.44228987
0.63000000,0.00029246,-0.43896441
0.64000000,-0.00409718,-0.43531690
0.65000000,-0.00845035,-0.43135280
0.66000000,-0.01276388,-0.42707784
0.67000000,-0.01703466,-0.42249799
0.68000000,-0.02125964,-0.41761946
0.69000000,-0.02543583,-0.41244872
0.70000000,-0.02956032,-0.40699244
0.71000000,-0.03363024,-0.40125753
0.72000000,-0.03764282,-0.39525109
0.73000000,-0.04159533,-0.38898044
0.74000000,-0.04548513,-0.38245309
0.75000000,-0.04930967,-0.37567674
0.76000000,-0.05306643,-0.36865925
0.77000000,-0.05675303,-0.36140865
0.78000000,-0.06036711,-0.35393315
0.79000000,-0.06390644,-0.34624109
0.80000000,-0.06736885,-0.33834094
0.81000000,-0.07075226,-0.33024131
0.82000000,-0.07405468,-0.32195094
0.83000000,-0.07727419,-0.31347866
0.84000000,-0.08040897,-0.30483340
0.85000000,-0.08345731,-0.29602421
0.86000000,-0.08641755,-0.28706019
0.87000000,-0.08928815,-0.27795052
0.88000000,-0.09206766,-0.26870445
0.89000000,-0.09475470,-0.25933128
0.90000000,-0.09734801,-0.24984033
0.91000000,-0.09984642,-0.24024099
0.92000000,-0.10224883,-0.23054265
0.93000000,-0.10455425,-0.22075473
0.94000000,-0.10676180,-0.21088663
0.95000000,-0.10887067,-0.20094777
0.96000000,-0.11088014,-0.19094756
0.97000000,-0.11278962,-0.18089537
0.98000000,-0.11459857,-0.17080055
0.99000000,-0.11630658,-0.16067241
1.00000000,-0.11791330,-0.15052021
1.01000000,-0.11941851,-0.14035316
1.02000000,-0.12082204,-0.13018040
1.03000000,-0.12212384,-0.12001100
1.04000000,-0.12332395,-0.10985394
1.05000000,-0.12442249,-0.09971814
1.06000000,-0.12541967,-0.08961239
1.07000000,-0.12631580,-0.07954540
1.08000000,-0.12711125,-0.06952577
1.09000000,-0.12780651,-0.05956195
1.10000000,-0.12840213,-0.04966232
1.11000000,-0.12889875,-0.03983507
1.12000000,-0.12929710,-0.03008831
1.13000000,-0.12959798,-0.02042995
1.14000000,-0.12980228,-0.01086778
1.15000000,-0.12991096,-0.00140944
1.16000000,-0.12992506,0.00793761
1.17000000,-0.12984568,0.01716608
1.18000000,-0.12967402,0.02626884
1.19000000,-0.12941133,0.03523895
1.20000000,-0.12905894,0.04406965
1.21000000,-0.12861824,0.05275438
1.22000000,-0.12809070,0.06128674
1.23000000,-0.12747783,0.06966058
1.24000000,-0.12678123,0.07786992
1.25000000,-0.12600253,0.08590899
1.26000000,-0.12514344,0.09377224
1.27000000,-0.12420572,0.10145432
1.28000000,-0.12319117,0.10895013
1.29000000,-0.12210167,0.11625476
1.30000000,-0.12093912,0.12336353
1.31000000,-0.11970549,0.13027201
1.32000000,-0.11840277,0.13697597
1.33000000,-0.11703301,0.14347145
1.34000000,-0.11559829,0.14975468
1.35000000,-0.11410075,0.15582217
1.36000000,-0.11254253,0.16167065
1.37000000,-0.11092582,0.16729707
1.38000000,-0.10925285,0.17269868
1.39000000,-0.10752586,0.17787290
1.40000000,-0.10574713,0.18281746
1.41000000,-0.10391896,0.18753030
1.42000000,-0.10204366,0.19200961
1.43000000,-0.10012356,0.19625382
1.44000000,-0.09816102,0.20026163
1.45000000,-0.09615840,0.20403195
1.46000000,-0.09411808,0.20756397
1.47000000,-0.09204245,0.21085710
1.48000000,-0.08993387,0.21391101
1.49000000,-0.08779476,0.21672559
1.50000000,-0.08562751,0.21930099
1.51000000,-0.08343450,0.22163760
1.52000000,-0.08121812,0.22373602
1.53000000,-0.07898076,0.22559713
1.54000000,-0.07672479,0.22722199
1.55000000,-0.07445257,0.22861194
1.56000000,-0.07216645,0.22976851
1.57000000,-0.06986877,0.23069347
1.58000000,-0.06756183,0.23138881
1.59000000,-0.06524794,0.23185674
1.60000000,-0.06292938,0.23209968
1.61000000,-0.06060838,0.23212026
1.62000000,-0.05828718,0.23192131
1.63000000,-0.05596796,0.23150587
1.64000000,-0.05365290,0.23087718
1.65000000,-0.05134413,0.23003867
1.66000000,-0.04904375,0.22899394
1.67000000,-0.04675381,0.22774679
1.68000000,-0.04447634,0.22630121
1.69000000,-0.04221333,0.22466133
1.70000000,-0.03996671,0.22283148
1.71000000,-0.03773840,0.22081612
1.72000000,-0.03553024,0.21861989
1.73000000,-0.03334404,0.21624756
1.74000000,-0.03118156,0.21370406
1.75000000,-0.02904452,0.21099444
1.76000000,-0.02693458,0.20812391
1.77000000,-0.02485334,0.20509776
1.78000000,-0.02280236,0.20192144
1.79000000,-0.02078315,0.19860048
1.80000000,-0.01879714,0.19514054
1.81000000,-0.01684574,0.19154736
1.82000000,-0.01493026,0.18782678
1.83000000,-0.01305200,0.18398472
1.84000000,-0.01121215,0.18002718
1.85000000,-0.00941188,0.17596022
1.86000000,-0.00765227,0.17178998
1.87000000,-0.00593437,0.16752266
1.88000000,-0.00425915,0.16316447
1.89000000,-0.00262750,0.15872171
1.90000000,-0.00104029,0.15420070
1.91000000,0.00050172,0.14960776
1.92000000,0.00199780,0.14494928
1.93000000,0.00344729,0.14023161
1.94000000,0.00484961,0.13546116
1.95000000,0.00620422,0.13064430
1.96000000,0.00751066,0.12578742
1.97000000,0.00876854,0.12089687
1.98000000,0.00997750,0.11597901
1.99000000,0.01113730,0.11104014
2.00000000,0.01224770,0.10608656
2.01000000,0.01330856,0.10112449
2.02000000,0.01431981,0.09616015
2.03000000,0.01528141,0.09119966
2.04000000,0.01619341,0.08624912
2.05000000,0.01705590,0.08131453
2.06000000,0.01786904,0.07640184
2.07000000,0.01863306,0.07151691
2.08000000,0.01934823,0.06666553
2.09000000,0.02001488,0.06185338
2.10000000,0.02063342,0.05708607
2.11000000,0.02120428,0.05236908
2.12000000,0.02172797,0.04770780
2.13000000,0.02220505,0.04310752
2.14000000,0.02263612,0.03857338
2.15000000,0.02302186,0.03411043
2.16000000,0.02336296,0.02972358
2.17000000,0.02366020,0.02541761
2.18000000,0.02391437,0.02119715
2.19000000,0.02412634,0.01706673
2.20000000,0.02429701,0.01303069
2.21000000,0.02442732,0.00909325
2.22000000,0.02451825,0.00525847
2.23000000,0.02457084,0.00153026
2.24000000,0.02458614,-0.00208764
2.25000000,0.02456526,-0.00559164
2.26000000,0.02450935,-0.00897833
2.27000000,0.02441956,-0.01224445
2.28000000,0.02429712,-0.01538691
2.29000000,0.02414325,-0.01840282
2.30000000,0.02395922,-0.02128944
2.31000000,0.02374633,-0.02404421
2.32000000,0.02350588,-0.02666475
2.33000000,0.02323924,-0.02914888
2.34000000,0.02294775,-0.03149458
2.35000000,0.02263280,-0.03370002
2.36000000,0.02229580,-0.03576355
2.37000000,0.02193817,-0.03768372
2.38000000,0.02156133,-0.03945926
2.39000000,0.02116674,-0.04108907
2.40000000,0.02075585,-0.04257227
2.41000000,0.02033012,-0.04390814
2.42000000,0.01989104,-0.04509615
2.43000000,0.01944008,-0.04613598
2.44000000,0.01897872,-0.04702747
2.45000000,0.01850845,-0.04777065
2.46000000,0.01803074,-0.04836575
2.47000000,0.01754708,-0.04881318
2.48000000,0.01705895,-0.04911350
2.49000000,0.01656781,-0.04926750
2.50000000,0.01607514,-0.04927612
2.51000000,0.01558238,-0.04914048
2.52000000,0.01509097,-0.04886189
2.53000000,0.01460235,-0.04844180
2.54000000,0.01411794,-0.04788188
2.55000000,0.01363912,-0.04718392
2.56000000,0.01316728,-0.04634990
2.57000000,0.01270378,-0.04538197
2.58000000,0.01224996,-0.04428242
2.59000000,0.01180714,-0.04305370
2.60000000,0.01137660,-0.04169843
2.61000000,0.01095961,-0.04021936
2.62000000,0.01055742,-0.03861939
2.63000000,0.01017123,-0.03690158
2.64000000,0.00980221,-0.03506909
2.65000000,0.00945152,-0.03312525
2.66000000,0.00912027,-0.03107351
2.67000000,0.00880953,-0.02891743
2.68000000,0.00852036,-0.02666071
2.69000000,0.00825375,-0.02430715
2.70000000,0.00801068,-0.02186068
2.71000000,0.00779207,-0.01932533
2.72000000,0.00759882,-0.01670522
2.73000000,0.00743177,-0.01400458
2.74000000,0.00729172,-0.01122772
2.75000000,0.00717944,-0.00837906
2.76000000,0.00709565,-0.00546307
2.77000000,0.00704102,-0.00248432
2.78000000,0.00701618,0.00055255
2.79000000,0.00702171,0.00364285
2.80000000,0.00705813,0.00678182
2.81000000,0.00712595,0.00996465
2.82000000,0.00722560,0.01318647
2.83000000,0.00735746,0.01644238
2.84000000,0.00752189,0.01972743
2.85000000,0.00771916,0.02303666
2.86000000,0.00794953,0.02636505
2.87000000,0.00821318,0.02970759
2.88000000,0.00851025,0.03305924
2.89000000,0.00884085,0.03641495
2.90000000,0.00920500,0.03976967
2.91000000,0.00960269,0.04311836
2.92000000,0.01003388,0.04645597
2.93000000,0.01049844,0.04977747
2.94000000,0.01099621,0.05307786
2.95000000,0.01152699,0.05635216
2.96000000,0.01209051,0.05959540
2.97000000,0.01268647,0.06280267
2.98000000,0.01331449,0.06596910
2.99000000,0.01397418,0.06908985
3.00000000,0.01466508,0.07216013
3.01000000,0.01538668,0.07517524
3.02000000,0.01613844,0.07813051
3.03000000,0.01691974,0.08102134
3.04000000,0.01772995,0.08384321
3.05000000,0.01856839,0.08659169
3.06000000,0.01943430,0.08926240
3.07000000,0.02032693,0.09185107
3.08000000,0.02124544,0.09435352
3.09000000,0.02218897,0.09676565
3.10000000,0.02315663,0.09908349
3.11000000,0.02414746,0.10130314
3.12000000,0.02516050,0.10342084
3.13000000,0.02619470,0.10543291
3.14000000,0.02724903,0.10733582
3.15000000,0.02832239,0.10912614
3.16000000,0.02941365,0.11080058
3.17000000,0.03052166,0.11235595
3.18000000,0.03164522,0.11378922
3.19000000,0.03278311,0.11509748
3.20000000,0.03393409,0.11627797
3.21000000,0.03509686,0.11732805
3.22000000,0.03627015,0.11824524
3.23000000,0.03745260,0.11902721
3.24000000,0.03864287,0.11967175
3.25000000,0.03983959,0.12017684
3.26000000,0.04104136,0.12054058
3.27000000,0.04224676,0.12076125
3.28000000,0.04345437,0.12083727
3.29000000,0.04466275,0.12076722
3.30000000,0.04587042,0.12054985
3.31000000,0.04707592,0.12018406
3.32000000,0.04827776,0.11966892
3.33000000,0.04947445,0.11900366
3.34000000,0.05066448,0.11818768
3.35000000,0.05184636,0.11722053
3.36000000,0.05301857,0.11610195
3.37000000,0.05417959,0.11483182
3.38000000,0.05532790,0.11341020
3.39000000,0.05646201,0.11183731
3.40000000,0.05758038,0.11011355
3.41000000,0.05868151,0.10823946
3.42000000,0.05976391,0.10621576
3.43000000,0.06082607,0.10404334
3.44000000,0.06186650,0.10172324
3.45000000,0.06288373,0.09925667
3.46000000,0.06387630,0.09664499
3.47000000,0.06484275,0.09388973
3.48000000,0.06578165,0.09099257
3.49000000,0.06669157,0.08795537
3.50000000,0.06757113,0.08478011
3.51000000,0.06841893,0.08146893
3.52000000,0.06923362,0.07802415
3.53000000,0.07001386,0.07444820
3.54000000,0.07075834,0.07074367
3.55000000,0.07146578,0.06691330
3.56000000,0.07213491,0.06295997
3.57000000,0.07276451,0.05888668
3.58000000,0.07335338,0.05469658
3.59000000,0.07390034,0.05039295
3.60000000,0.07440427,0.04597919
3.61000000,0.07486406,0.04145884
3.62000000,0.07527865,0.03683555
3.63000000,0.07564701,0.03211308
3.64000000,0.07596814,0.02729532
3.65000000,0.07624109,0.02238627
3.66000000,0.07646495,0.01739003
3.67000000,0.07663885,0.01231079
3.68000000,0.07676196,0.00715286
3.69000000,0.07683349,0.00192064
3.70000000,0.07685270,-0.00338139
3.71000000,0.07681888,-0.00874866
3.72000000,0.07673140,-0.01417651
3.73000000,0.07658963,-0.01966021
3.74000000,0.07639303,-0.02519497
3.75000000,0.07614108,-0.03077590
3.76000000,0.07583332,-0.03639808
3.77000000,0.07546934,-0.04205652
3.78000000,0.07504877,-0.04774617
3.79000000,0.07457131,-0.05346194
3.80000000,0.07403669,-0.05919869
3.81000000,0.07344471,-0.06495124
3.82000000,0.07279519,-0.07071439
3.83000000,0.07208805,-0.07648288
3.84000000,0.07132322,-0.08225147
3.85000000,0.07050071,-0.08801487
3.86000000,0.06962056,-0.09376777
3.87000000,0.06868288,-0.09950488
3.88000000,0.06768783,-0.10522089
3.89000000,0.06663562,-0.11091048
3.90000000,0.06552652,-0.11656836
3.91000000,0.06436083,-0.12218924
3.92000000,0.06313894,-0.12776784
3.93000000,0.06186126,-0.13329891
3.94000000,0.06052827,-0.13877722
3.95000000,0.05914050,-0.14419758
3.96000000,0.05769853,-0.14955484
3.97000000,0.05620298,-0.15484387
3.98000000,0.05465454,-0.16005961
3.99000000,0.05305394,-0.16519703
4.00000000,0.05140197,-0.17025118
4.01000000,0.04969946,-0.17521716
4.02000000,0.04794729,-0.18009012
4.03000000,0.04614639,-0.18486531
4.04000000,0.04429773,-0.18953803
4.05000000,0.04240235,-0.19410367
4.06000000,0.04046132,-0.19855771
4.07000000,0.03847574,-0.20289571
4.08000000,0.03644678,-0.20711331
4.09000000,0.03437565,-0.21120628
4.10000000,0.03226359,-0.21517046
4.11000000,0.03011188,-0.21900182
4.12000000,0.02792186,-0.22269641
4.13000000,0.02569490,-0.22625041
4.14000000,0.02343240,-0.22966012
4.15000000,0.02113579,-0.23292196
4.16000000,0.01880658,-0.23603247
4.17000000,0.01644625,-0.23898830
4.18000000,0.01405637,-0.24178627
4.19000000,0.01163850,-0.24442328
4.20000000,0.00919427,-0.24689642
4.21000000,0.00672531,-0.24920288
4.22000000,0.00423328,-0.25134001
4.23000000,0.00171988,-0.25330531
4.24000000,-0.00081317,-0.25509640
4.25000000,-0.00336414,-0.25671109
4.26000000,-0.00593125,-0.25814729
4.27000000,-0.00851272,-0.25940311
4.28000000,-0.01110675,-0.26047679
4.29000000,-0.01371152,-0.26136673
4.30000000,-0.01632519,-0.26207150
4.31000000,-0.01894590,-0.26258980
4.32000000,-0.02157180,-0.26292053
4.33000000,-0.02420101,-0.26306272
4.34000000,-0.02683163,-0.26301557
4.35000000,-0.02946179,-0.26277847
4.36000000,-0.03208957,-0.26235092
4.37000000,-0.03471308,-0.26173263
4.38000000,-0.03733041,-0.26092347
4.39000000,-0.03993964,-0.25992344
4.40000000,-0.04253888,-0.25873273
4.41000000,-0.04512621,-0.25735170
4.42000000,-0.04769972,-0.25578086
4.43000000,-0.05025753,-0.25402088
4.44000000,-0.05279774,-0.25207260
4.45000000,-0.05531847,-0.24993703
4.46000000,-0.05781784,-0.24761531
4.47000000,-0.06029399,-0.24510876
4.48000000,-0.06274508,-0.24241885
4.49000000,-0.06516927,-0.23954722
4.50000000,-0.06756474,-0.23649565
4.51000000,-0.06992969,-0.23326606
4.52000000,-0.07226236,-0.22986055
4.53000000,-0.07456096,-0.22628135
4.54000000,-0.07682377,-0.22253083
4.55000000,-0.07904908,-0.21861151
4.56000000,-0.08123520,-0.21452606
4.57000000,-0.08338046,-0.21027727
4.58000000,-0.08548323,-0.20586808
4.59000000,-0.08754191,-0.20130156
4.60000000,-0.08955493,-0.19658091
4.61000000,-0.09152074,-0.19170944
4.62000000,-0.09343783,-0.18669061
4.63000000,-0.09530474,-0.18152798
4.64000000,-0.09712002,-0.17622524
4.65000000,-0.09888227,-0.17078618
4.66000000,-0.10059013,-0.16521472
4.67000000,-0.10224228,-0.15951486
4.68000000,-0.10383743,-0.15369073
4.69000000,-0.10537433,-0.14774654
4.70000000,-0.10685180,-0.14168660
4.71000000,-0.10826867,-0.13551531
4.72000000,-0.10962382,-0.12923716
4.73000000,-0.11091619,-0.12285673
4.74000000,-0.11214476,-0.11637867
4.75000000,-0.11330854,-0.10980771
4.76000000,-0.11440662,-0.10314864
4.77000000,-0.11543811,-0.09640634
4.78000000,-0.11640217,-0.08958573
4.79000000,-0.11729803,-0.08269181
4.80000000,-0.11812495,-0.07572961
4.81000000,-0.11888224,-0.06870423
4.82000000,-0.11956928,-0.06162081
4.83000000,-0.12018549,-0.05448453
4.84000000,-0.12073034,-0.04730061
4.85000000,-0.12120334,-0.04007430
4.86000000,-0.12160409,-0.03281089
4.87000000,-0.12193220,-0.02551567
4.88000000,-0.12218735,-0.01819398
4.89000000,-0.12236929,-0.01085116
4.90000000,-0.12247780,-0.00349256
4.91000000,-0.12251273,0.00387646
4.92000000,-0.12247396,0.01125054
4.93000000,-0.12236146,0.01862431
4.94000000,-0.12217522,0.02599241
4.95000000,-0.12191529,0.03334951
4.96000000,-0.12158180,0.04069026
4.97000000,-0.12117489,0.04800936
4.98000000,-0.12069480,0.05530151
4.99000000,-0.12014179,0.06256145
5.00000000,-0.11951617,0.06978394
5.01000000,-0.11881833,0.07696379
5.02000000,-0.11804869,0.08409583
5.03000000,-0.11720774,0.09117495
5.04000000,-0.11629599,0.09819608
5.05000000,-0.11531403,0.10515420
5.06000000,-0.11426248,0.11204436
5.07000000,-0.11314204,0.11886164
5.08000000,-0.11195342,0.12560120
5.09000000,-0.11069741,0.13225827
5.10000000,-0.10937483,0.13882815
5.11000000,-0.10798655,0.14530620
5.12000000,-0.10653349,0.15168787
5.13000000,-0.10501661,0.15796870
5.14000000,-0.10343692,0.16414429
5.15000000,-0.10179548,0.17021034
5.16000000,-0.10009337,0.17616265
5.17000000,-0.09833175,0.18199711
5.18000000,-0.09651178,0.18770969
5.19000000,-0.09463468,0.19329649
5.20000000,-0.09270171,0.19875370
5.21000000,-0.09071418,0.20407760
5.22000000,-0.08867340,0.20926462
5.23000000,-0.08658075,0.21431126
5.24000000,-0.08443764,0.21921416
5.25000000,-0.08224550,0.22397007
5.26000000,-0.08000580,0.22857587
5.27000000,-0.07772004,0.23302855
5.28000000,-0.07538976,0.23732522
5.29000000,-0.07301650,0.24146314
5.30000000,-0.07060187,0.24543968
5.31000000,-0.06814748,0.24925235
5.32000000,-0.06565495,0.25289878
5.33000000,-0.06312596,0.25637676
5.34000000,-0.06056220,0.25968418
5.35000000,-0.05796535,0.26281910
5.36000000,-0.05533716,0.26577970
5.37000000,-0.05267937,0.26856431
5.38000000,-0.04999372,0.27117140
5.39000000,-0.04728201,0.27359957
5.40000000,-0.04454601,0.27584758
5.41000000,-0.04178754,0.27791432
5.42000000,-0.03900839,0.27979884
5.43000000,-0.03621041,0.28150030
5.44000000,-0.03339540,0.28301806
5.45000000,-0.03056522,0.28435156
5.46000000,-0.02772171,0.28550044
5.47000000,-0.02486670,0.28646446
5.48000000,-0.02200206,0.28724352
5.49000000,-0.01912962,0.28783768
5.50000000,-0.01625125,0.28824712
5.51000000,-0.01336877,0.28847219
5.52000000,-0.01048405,0.28851335
5.53000000,-0.00759892,0.28837124
5.54000000,-0.00471521,0.28804661
5.55000000,-0.00183474,0.28754036
5.56000000,0.00104066,0.28685352
5.57000000,0.00390920,0.28598726
5.58000000,0.00676907,0.28494288
5.59000000,0.00961850,0.28372182
5.60000000,0.01245572,0.28232565
5.61000000,0.01527897,0.28075606
5.62000000,0.01808653,0.27901488
5.63000000,0.02087668,0.27710404
5.64000000,0.02364772,0.27502561
5.65000000,0.02639798,0.27278179
5.66000000,0.02912580,0.27037486
5.67000000,0.03182955,0.26780726
5.68000000,0.03450762,0.26508150
5.69000000,0.03715843,0.26220023
5.70000000,0.03978044,0.25916618
5.71000000,0.04237210,0.25598221
5.72000000,0.04493192,0.25265125
5.73000000,0.04745843,0.24917635
5.74000000,0.04995020,0.24556064
5.75000000,0.05240580,0.24180735
5.76000000,0.05482388,0.23791980
5.77000000,0.05720307,0.23390136
5.78000000,0.05954209,0.22975552
5.79000000,0.06183964,0.22548584
5.80000000,0.06409450,0.22109592
5.81000000,0.06630546,0.21658948
5.82000000,0.06847136,0.21197025
5.83000000,0.07059106,0.20724208
5.84000000,0.07266348,0.20240883
5.85000000,0.07468757,0.19747443
5.86000000,0.07666231,0.19244289
5.87000000,0.07858674,0.18731821
5.88000000,0.08045992,0.18210449
5.89000000,0.08228097,0.17680583
5.90000000,0.08404903,0.17142639
5.91000000,0.08576329,0.16597035
5.92000000,0.08742299,0.16044192
5.93000000,0.08902741,0.15484535
5.94000000,0.09057587,0.14918488
5.95000000,0.09206771,0.14346479
5.96000000,0.09350236,0.13768937
5.97000000,0.09487926,0.13186292
5.98000000,0.09619788,0.12598975
5.99000000,0.09745778,0.12007417
6.00000000,0.09865852,0.11412048
6.01000000,0.09979973,0.10813298
6.02000000,0.10088106,0.10211598
6.03000000,0.10190222,0.09607376
6.04000000,0.10286296,0.09001059
6.05000000,0.10376306,0.08393071
6.06000000,0.10460237,0.07783837
6.07000000,0.10538075,0.07173778
6.08000000,0.10609813,0.06563310
6.09000000,0.10675446,0.05952848
6.10000000,0.10734975,0.05342806
6.11000000,0.10788403,0.04733589
6.12000000,0.10835739,0.04125602
6.13000000,0.10876995,0.03519244
6.14000000,0.10912187,0.02914911
6.15000000,0.10941336,0.02312992
6.16000000,0.10964466,0.01713873
6.17000000,0.10981605,0.01117932
6.18000000,0.10992784,0.00525545
6.19000000,0.10998040,-0.00062922
6.20000000,0.10997410,-0.00647106
6.21000000,0.10990939,-0.01226652
6.22000000,0.10978673,-0.01801211
6.23000000,0.10960661,-0.02370440
6.24000000,0.10936956,-0.02934006
6.25000000,0.10907616,-0.03491579
6.26000000,0.10872700,-0.04042840
6.27000000,0.10832272,-0.04587477
6.28000000,0.10786397,-0.05125184
6.29000000,0.10735145,-0.05655664
6.30000000,0.10678589,-0.06178630
6.31000000,0.10616802,-0.06693801
6.32000000,0.10549864,-0.07200905
6.33000000,0.10477855,-0.07699679
6.34000000,0.10400859,-0.08189869
6.35000000,0.10318960,-0.08671230
6.36000000,0.10232248,-0.09143525
6.37000000,0.10140812,-0.09606527
6.38000000,0.10044747,-0.10060018
6.39000000,0.09944147,-0.10503790
6.40000000,0.09839109,-0.10937644
6.41000000,0.09729733,-0.11361389
6.42000000,0.09616119,-0.11774847
6.43000000,0.09498370,-0.12177845
6.44000000,0.09376592,-0.12570225
6.45000000,0.09250890,-0.12951834
6.46000000,0.09121371,-0.13322532
6.47000000,0.08988146,-0.13682188
6.48000000,0.08851324,-0.14030679
6.49000000,0.08711017,-0.14367894
6.50000000,0.08567338,-0.14693731
6.51000000,0.08420401,-0.15008098
6.52000000,0.08270320,-0.15310913
6.53000000,0.08117211,-0.15602103
6.54000000,0.07961190,-0.15881605
6.55000000,0.07802374,-0.16149368
6.56000000,0.07640880,-0.16405346
6.57000000,0.07476827,-0.16649506
6.58000000,0.07310332,-0.16881825
6.59000000,0.07141513,-0.17102288
6.60000000,0.06970490,-0.17310888
6.61000000,0.06797382,-0.17507630
6.62000000,0.06622305,-0.17692527
6.63000000,0.06445380,-0.17865602
6.64000000,0.06266724,-0.18026885
6.65000000,0.06086455,-0.18176416
6.66000000,0.05904691,-0.18314245
6.67000000,0.05721549,-0.18440428
6.68000000,0.05537144,-0.18555031
6.69000000,0.05351594,-0.18658129
6.70000000,0.05165013,-0.18749803
6.71000000,0.04977515,-0.18830144
6.72000000,0.04789213,-0.18899250
6.73000000,0.04600221,-0.18957226
6.74000000,0.04410648,-0.19004186
6.75000000,0.04220607,-0.19040250
6.76000000,0.04030204,-0.19065546
6.77000000,0.03839549,-0.19080208
6.78000000,0.03648747,-0.19084376
6.79000000,0.03457903,-0.19078199
6.80000000,0.03267121,-0.19061830
6.81000000,0.03076502,-0.19035429
6.82000000,0.02886148,-0.18999162
6.83000000,0.02696157,-0.18953200
6.84000000,0.02506625,-0.18897719
6.85000000,0.02317647,-0.18832902
6.86000000,0.02129318,-0.18758934
6.87000000,0.01941729,-0.18676009
6.88000000,0.01754969,-0.18584320
6.89000000,0.01569126,-0.18484069
6.90000000,0.01384285,-0.18375459
6.91000000,0.01200530,-0.18258697
6.92000000,0.01017943,-0.18133996
6.93000000,0.00836604,-0.18001569
6.94000000,0.00656588,-0.17861633
6.95000000,0.00477971,-0.17714409
6.96000000,0.00300827,-0.17560118
6.97000000,0.00125226,-0.17398986
6.98000000,-0.00048764,-0.17231240
6.99000000,-0.00221076,-0.17057106
7.00000000,-0.00391647,-0.16876816
7.01000000,-0.00560415,-0.16690601
7.02000000,-0.00727321,-0.16498691
7.03000000,-0.00892308,-0.16301320
7.04000000,-0.01055321,-0.16098722
7.05000000,-0.01216309,-0.15891129
7.06000000,-0.01375220,-0.15678775
7.07000000,-0.01532008,-0.15461893
7.08000000,-0.01686627,-0.15240715
7.09000000,-0.01839034,-0.15015475
7.10000000,-0.01989188,-0.14786402
7.11000000,-0.02137052,-0.14553727
7.12000000,-0.02282590,-0.14317679
7.13000000,-0.02425767,-0.14078484
7.14000000,-0.02566551,-0.13836367
7.15000000,-0.02704915,-0.13591553
7.16000000,-0.02840831,-0.13344261
7.17000000,-0.02974273,-0.13094710
7.18000000,-0.03105220,-0.12843116
7.19000000,-0.03233651,-0.12589693
7.20000000,-0.03359548,-0.12334651
7.21000000,-0.03482895,-0.12078196
7.22000000,-0.03603677,-0.11820532
7.23000000,-0.03721882,-0.11561861
7.24000000,-0.03837501,-0.11302377
7.25000000,-0.03950525,-0.11042275
7.26000000,-0.04060947,-0.10781743
7.27000000,-0.04168765,-0.10520965
7.28000000,-0.04273974,-0.10260122
7.29000000,-0.04376576,-0.09999391
7.30000000,-0.04476570,-0.09738943
7.31000000,-0.04573959,-0.09478945
7.32000000,-0.04668748,-0.09219559
7.33000000,-0.04760944,-0.08960943
7.34000000,-0.04850553,-0.08703250
7.35000000,-0.04937586,-0.08446627
7.36000000,-0.05022052,-0.08191216
7.37000000,-0.05103964,-0.07937156
7.38000000,-0.05183336,-0.07684577
7.39000000,-0.05260182,-0.07433608
7.40000000,-0.05334518,-0.07184368
7.41000000,-0.05406361,-0.06936975
7.42000000,-0.05475731,-0.06691539
7.43000000,-0.05542647,-0.06448165
7.44000000,-0.05607128,-0.06206952
7.45000000,-0.05669198,-0.05967995
7.46000000,-0.05728878,-0.05731382
7.47000000,-0.05786192,-0.05497196
7.48000000,-0.05841163,-0.05265514
7.49000000,-0.05893819,-0.05036408
7.50000000,-0.05944183,-0.04809945
7.51000000,-0.05992282,-0.04586184
7.52000000,-0.06038144,-0.04365181
7.53000000,-0.06081796,-0.04146986
7.54000000,-0.06123266,-0.03931643
7.55000000,-0.06162582,-0.03719191
7.56000000,-0.06199774,-0.03509664
7.57000000,-0.06234871,-0.03303089
7.58000000,-0.06267902,-0.03099489
7.59000000,-0.06298896,-0.02898883
7.60000000,-0.06327885,-0.02701283
7.61000000,-0.06354898,-0.02506696
7.62000000,-0.06379965,-0.02315126
7.63000000,-0.06403116,-0.02126571
7.64000000,-0.06424382,-0.01941022
7.65000000,-0.06443792,-0.01758470
7.66000000,-0.06461377,-0.01578897
7.67000000,-0.06477166,-0.01402284
7.68000000,-0.06491189,-0.01228605
7.69000000,-0.06503475,-0.01057832
7.70000000,-0.06514053,-0.00889931
7.71000000,-0.06522952,-0.00724864
7.72000000,-0.06530201,-0.00562592
7.73000000,-0.06535827,-0.00403070
7.74000000,-0.06539858,-0.00246248
7.75000000,-0.06542320,-0.00092076
7.76000000,-0.06543241,0.00059502
7.77000000,-0.06542646,0.00208544
7.78000000,-0.06540560,0.00355110
7.79000000,-0.06537009,0.00499265
7.80000000,-0.06532017,0.00641076
7.81000000,-0.06525606,0.00780612
7.82000000,-0.06517800,0.00917943
7.83000000,-0.06508620,0.01053145
7.84000000,-0.06498089,0.01186293
7.85000000,-0.06486226,0.01317465
7.86000000,-0.06473051,0.01446739
7.87000000,-0.06458584,0.01574198
7.88000000,-0.06442842,0.01699924
7.89000000,-0.06425843,0.01824000
7.90000000,-0.06407603,0.01946511
7.91000000,-0.06388138,0.02067544
7.92000000,-0.06367462,0.02187183
7.93000000,-0.06345590,0.02305516
7.94000000,-0.06322535,0.02422631
7.95000000,-0.06298309,0.02538616
7.96000000,-0.06272923,0.02653556
7.97000000,-0.06246387,0.02767541
7.98000000,-0.06218712,0.02880658
7.99000000,-0.06189905,0.02992993
8.00000000,-0.06159975,0.03104633
8.01000000,-0.06128929,0.03215663
8.02000000,-0.06096772,0.03326168
8.03000000,-0.06063511,0.03436231
8.04000000,-0.06029148,0.03545935
8.05000000,-0.05993689,0.03655360
8.06000000,-0.05957135,0.03764587
8.07000000,-0.05919489,0.03873693
8.08000000,-0.05880753,0.03982754
8.09000000,-0.05840925,0.04091844
8.10000000,-0.05800007,0.04201034
8.11000000,-0.05757996,0.04310396
8.12000000,-0.05714892,0.04419996
8.13000000,-0.05670692,0.04529899
8.14000000,-0.05625393,0.04640168
8.15000000,-0.05578992,0.04750862
8.16000000,-0.05531483,0.04862037
8.17000000,-0.05482863,0.04973749
8.18000000,-0.05433125,0.05086048
8.19000000,-0.05382265,0.05198980
8.20000000,-0.05330275,0.05312592
8.21000000,-0.05277149,0.05426924
8.22000000,-0.05222880,0.05542013
8.23000000,-0.05167460,0.05657894
8.24000000,-0.05110881,0.05774597
8.25000000,-0.05053135,0.05892149
8.26000000,-0.04994213,0.06010573
8.27000000,-0.04934107,0.06129890
8.28000000,-0.04872809,0.06250113
8.29000000,-0.04810307,0.06371255
8.30000000,-0.04746595,0.06493323
8.31000000,-0.04681662,0.06616321
8.32000000,-0.04615498,0.06740248
8.33000000,-0.04548096,0.06865101
8.34000000,-0.04479445,0.06990869
8.35000000,-0.04409536,0.07117541
8.36000000,-0.04338361,0.07245100
8.37000000,-0.04265910,0.07373524
8.38000000,-0.04192175,0.07502788
8.39000000,-0.04117147,0.07632862
8.40000000,-0.04040818,0.07763715
8.41000000,-0.03963181,0.07895306
8.42000000,-0.03884228,0.08027595
8.43000000,-0.03803952,0.08160536
8.44000000,-0.03722347,0.08294079
8.45000000,-0.03639406,0.08428169
8.46000000,-0.03555124,0.08562749
8.47000000,-0.03469497,0.08697756
8.48000000,-0.03382519,0.08833125
8.49000000,-0.03294188,0.08968785
8.50000000,-0.03204500,0.09104663
8.51000000,-0.03113453,0.09240682
8.52000000,-0.03021047,0.09376760
8.53000000,-0.02927279,0.09512813
8.54000000,-0.02832151,0.09648752
8.55000000,-0.02735663,0.09784486
8.56000000,-0.02637818,0.09919921
8.57000000,-0.02538619,0.10054956
8.58000000,-0.02438070,0.10189492
8.59000000,-0.02336175,0.10323424
8.60000000,-0.02232941,0.10456644
8.61000000,-0.02128374,0.10589042
8.62000000,-0.02022484,0.10720505
8.63000000,-0.01915279,0.10850917
8.64000000,-0.01806769,0.10980160
8.65000000,-0.01696968,0.11108114
8.66000000,-0.01585887,0.11234655
8.67000000,-0.01473540,0.11359659
8.68000000,-0.01359944,0.11482999
8.69000000,-0.01245114,0.11604547
8.70000000,-0.01129068,0.11724171
8.71000000,-0.01011826,0.11841741
8.72000000,-0.00893409,0.11957121
8.73000000,-0.00773838,0.12070179
8.74000000,-0.00653136,0.12180778
8.75000000,-0.00531328,0.12288781
8.76000000,-0.00408440,0.12394050
8.77000000,-0.00284500,0.12496449
8.78000000,-0.00159535,0.12595837
8.79000000,-0.00033577,0.12692076
8.80000000,0.00093344,0.12785027
8.81000000,0.00221194,0.12874550
8.82000000,0.00349940,0.12960507
8.83000000,0.00479545,0.13042758
8.84000000,0.00609972,0.13121166
8.85000000,0.00741184,0.13195592
8.86000000,0.00873140,0.13265900
8.87000000,0.01005799,0.13331954
8.88000000,0.01139118,0.13393619
8.89000000,0.01273054,0.13450762
8.90000000,0.01407562,0.13503251
8.91000000,0.01542595,0.13550955
8.92000000,0.01678104,0.13593745
8.93000000,0.01814042,0.13631495
8.94000000,0.01950357,0.13664081
8.95000000,0.02086997,0.13691380
8.96000000,0.02223911,0.13713272
8.97000000,0.02361044,0.13729640
8.98000000,0.02498340,0.13740368
8.99000000,0.02635744,0.13745346
9.00000000,0.02773197,0.13744464
9.01000000,0.02910642,0.13737617
9.02000000,0.03048018,0.13724703
9.03000000,0.03185265,0.13705622
9.04000000,0.03322321,0.13680279
9.05000000,0.03459124,0.13648583
9.06000000,0.03595610,0.13610445
9.07000000,0.03731715,0.13565783
9.08000000,0.03867372,0.13514515
9.09000000,0.04002518,0.13456567
9.10000000,0.04137083,0.13391868
9.11000000,0.04271002,0.13320350
9.12000000,0.04404205,0.13241952
9.13000000,0.04536625,0.13156616
9.14000000,0.04668191,0.13064288
9.15000000,0.04798834,0.12964922
9.16000000,0.04928483,0.12858474
9.17000000,0.05057068,0.12744906
9.18000000,0.05184517,0.12624184
9.19000000,0.05310759,0.12496283
9.20000000,0.05435722,0.12361178
9.21000000,0.05559333,0.12218853
9.22000000,0.05681522,0.12069297
9.23000000,0.05802215,0.11912502
9.24000000,0.05921340,0.11748468
9.25000000,0.06038825,0.11577201
9.26000000,0.06154597,0.11398710
9.27000000,0.06268584,0.11213011
9.28000000,0.06380714,0.11020126
9.29000000,0.06490915,0.10820083
9.30000000,0.06599116,0.10612915
9.31000000,0.06705245,0.10398661
9.32000000,0.06809232,0.10177364
9.33000000,0.06911005,0.09949077
9.34000000,0.07010496,0.09713855
9.35000000,0.07107635,0.09471760
9.36000000,0.07202352,0.09222860
9.37000000,0.07294581,0.08967228
9.38000000,0.07384253,0.08704944
9.39000000,0.07471303,0.08436093
9.40000000,0.07555663,0.08160764
9.41000000,0.07637271,0.07879055
9.42000000,0.07716062,0.07591068
9.43000000,0.07791972,0.07296909
9.44000000,0.07864941,0.06996693
9.45000000,0.07934908,0.06690537
9.46000000,0.08001814,0.06378565
9.47000000,0.08065599,0.06060906
9.48000000,0.08126208,0.05737695
9.49000000,0.08183585,0.05409072
9.50000000,0.08237676,0.05075182
9.51000000,0.08288428,0.04736174
9.52000000,0.08335790,0.04392202
9.53000000,0.08379712,0.04043428
9.54000000,0.08420146,0.03690015
9.55000000,0.08457046,0.03332132
9.56000000,0.08490367,0.02969954
9.57000000,0.08520067,0.02603658
9.58000000,0.08546104,0.02233426
9.59000000,0.08568438,0.01859446
9.60000000,0.08587032,0.01481909
9.61000000,0.08601851,0.01101009
9.62000000,0.08612861,0.00716945
9.63000000,0.08620031,0.00329919
9.64000000,0.08623330,-0.00059863
9.65000000,0.08622731,-0.00452190
9.66000000,0.08618210,-0.00846851
9.67000000,0.08609741,-0.01243630
9.68000000,0.08597305,-0.01642307
9.69000000,0.08580882,-0.02042660
9.70000000,0.08560455,-0.02444466
9.71000000,0.08536010,-0.02847496
9.72000000,0.08507535,-0.03251522
9.73000000,0.08475020,-0.03656312
9.74000000,0.08438457,-0.04061632
9.75000000,0.08397841,-0.04467245
9.76000000,0.08353168,-0.04872916
9.77000000,0.08304439,-0.05278404
9.78000000,0.08251655,-0.05683470
9.79000000,0.08194820,-0.06087872
9.80000000,0.08133942,-0.06491366
9.81000000,0.08069028,-0.06893711
9.82000000,0.08000091,-0.07294660
9.83000000,0.07927144,-0.07693971
9.84000000,0.07850205,-0.08091397
9.85000000,0.07769291,-0.08486694
9.86000000,0.07684424,-0.08879617
9.87000000,0.07595628,-0.09269920
9.88000000,0.07502928,-0.09657359
9.89000000,0.07406355,-0.10041691
9.90000000,0.07305938,-0.10422672
9.91000000,0.07201711,-0.10800060
9.92000000,0.07093711,-0.11173615
9.93000000,0.06981974,-0.11543097
9.94000000,0.06866543,-0.11908267
9.95000000,0.06747461,-0.12268890
9.96000000,0.06624772,-0.12624731
9.97000000,0.06498525,-0.12975558
9.98000000,0.06368769,-0.13321141
9.99000000,0.06235558,-0.13661251
10.00000000,0.06098945,-0.13995665
10.01000000,0.05958988,-0.14324159
10.02000000,0.05815747,-0.14646515
10.03000000,0.05669282,-0.14962517
10.04000000,0.05519656,-0.15271952
10.05000000,0.05366937,-0.15574610
10.06000000,0.05211191,-0.15870286
10.07000000,0.05052488,-0.16158779
10.08000000,0.04890900,-0.16439890
10.09000000,0.04726501,-0.16713426
10.10000000,0.04559367,-0.16979197
10.11000000,0.04389575,-0.17237020
10.12000000,0.04217205,-0.17486713
10.13000000,0.04042338,-0.17728101
10.14000000,0.03865057,-0.17961014
10.15000000,0.03685447,-0.18185286
10.16000000,0.03503594,-0.18400757
10.17000000,0.03319586,-0.18607272
10.18000000,0.03133513,-0.18804680
10.19000000,0.02945467,-0.18992839
10.20000000,0.02755538,-0.19171610
10.21000000,0.02563822,-0.19340860
10.22000000,0.02370414,-0.19500463
10.23000000,0.02175409,-0.19650298
10.24000000,0.01978906,-0.19790250
10.25000000,0.01781003,-0.19920212
10.26000000,0.01581801,-0.20040082
10.27000000,0.01381401,-0.20149763
10.28000000,0.01179903,-0.20249166
10.29000000,0.00977411,-0.20338210
10.30000000,0.00774029,-0.20416817
10.31000000,0.00569861,-0.20484920
10.32000000,0.00365012,-0.20542454
10.33000000,0.00159587,-0.20589365
10.34000000,-0.00046306,-0.20625603
10.35000000,-0.00252562,-0.20651126
10.36000000,-0.00459074,-0.20665899
10.37000000,-0.00665733,-0.20669893
10.38000000,-0.00872432,-0.20663088
10.39000000,-0.01079063,-0.20645469
10.40000000,-0.01285517,-0.20617028
10.41000000,-0.01491687,-0.20577765
10.42000000,-0.01697465,-0.20527687
10.43000000,-0.01902742,-0.20466807
10.44000000,-0.02107410,-0.20395146
10.45000000,-0.02311362,-0.20312731
10.46000000,-0.02514489,-0.20219597
10.47000000,-0.02716685,-0.20115784
10.48000000,-0.02917843,-0.20001342
10.49000000,-0.03117856,-0.19876324
10.50000000,-0.03316619,-0.19740794
10.51000000,-0.03514027,-0.19594819
10.52000000,-0.03709975,-0.19438474
10.53000000,-0.03904360,-0.19271842
10.54000000,-0.04097079,-0.19095010
10.55000000,-0.04288029,-0.18908074
10.56000000,-0.04477109,-0.18711134
10.57000000,-0.04664221,-0.18504298
10.58000000,-0.04849264,-0.18287681
10.59000000,-0.05032141,-0.18061401
10.60000000,-0.05212755,-0.17825585
10.61000000,-0.05391010,-0.17580364
10.62000000,-0.05566814,-0.17325876
10.63000000,-0.05740073,-0.17062265
10.64000000,-0.05910695,-0.16789679
10.65000000,-0.06078592,-0.16508274
10.66000000,-0.06243675,-0.16218208
10.67000000,-0.06405857,-0.15919648
10.68000000,-0.06565054,-0.15612762
10.69000000,-0.06721181,-0.15297728
10.70000000,-0.06874158,-0.14974724
10.71000000,-0.07023906,-0.14643936
10.72000000,-0.07170345,-0.14305553
10.73000000,-0.07313401,-0.13959768
10.74000000,-0.07452998,-0.13606781
10.75000000,-0.07589066,-0.13246793
10.76000000,-0.07721534,-0.12880011
10.77000000,-0.07850334,-0.12506644
10.78000000,-0.07975401,-0.12126907
10.79000000,-0.08096670,-0.11741017
10.80000000,-0.08214080,-0.11349196
10.81000000,-0.08327572,-0.10951665
10.82000000,-0.08437088,-0.10548654
10.83000000,-0.08542575,-0.10140392
10.84000000,-0.08643979,-0.09727111
10.85000000,-0.08741250,-0.09309047
10.86000000,-0.08834340,-0.08886437
10.87000000,-0.08923205,-0.08459522
10.88000000,-0.09007800,-0.08028544
10.89000000,-0.09088085,-0.07593745
10.90000000,-0.09164023,-0.07155373
10.91000000,-0.09235577,-0.06713673
10.92000000,-0.09302713,-0.06268896
10.93000000,-0.09365402,-0.05821290
10.94000000,-0.09423615,-0.05371107
10.95000000,-0.09477326,-0.04918599
10.96000000,-0.09526512,-0.04464018
10.97000000,-0.09571152,-0.04007617
10.98000000,-0.09611229,-0.03549650
10.99000000,-0.09646725,-0.03090371
11.00000000,-0.09677629,-0.02630034
11.01000000,-0.09703929,-0.02168892
11.02000000,-0.09725618,-0.01707200
11.03000000,-0.09742690,-0.01245211
11.04000000,-0.09755142,-0.00783176
11.05000000,-0.09762974,-0.00321349
11.06000000,-0.09766187,0.00140021
11.07000000,-0.09764787,0.00600682
11.08000000,-0.09758780,0.01060386
11.09000000,-0.09748177,0.01518885
11.10000000,-0.09732988,0.01975934
11.11000000,-0.09713228,0.02431288
11.12000000,-0.09688915,0.02884705
11.13000000,-0.09660068,0.03335943
11.14000000,-0.09626709,0.03784765
11.15000000,-0.09588861,0.04230934
11.16000000,-0.09546552,0.04674215
11.17000000,-0.09499810,0.05114379
11.18000000,-0.09448666,0.05551194
11.19000000,-0.09393154,0.05984437
11.20000000,-0.09333310,0.06413882
11.21000000,-0.09269171,0.06839311
11.22000000,-0.09200778,0.07260506
11.23000000,-0.09128173,0.07677253
11.24000000,-0.09051400,0.08089343
11.25000000,-0.08970507,0.08496568
11.26000000,-0.08885541,0.08898724
11.27000000,-0.08796554,0.09295614
11.28000000,-0.08703598,0.09687040
11.29000000,-0.08606727,0.10072811
11.30000000,-0.08505999,0.10452740
11.31000000,-0.08401472,0.10826643
11.32000000,-0.08293205,0.11194341
11.33000000,-0.08181262,0.11555659
11.34000000,-0.08065705,0.11910427
11.35000000,-0.07946601,0.12258479
11.36000000,-0.07824016,0.12599653
11.37000000,-0.07698020,0.12933792
11.38000000,-0.07568682,0.13260746
11.39000000,-0.07436074,0.13580367
11.40000000,-0.07300271,0.13892513
11.41000000,-0.07161346,0.14197046
11.42000000,-0.07019375,0.14493835
11.43000000,-0.06874437,0.14782753
11.44000000,-0.06726609,0.15063678
11.45000000,-0.06575973,0.15336493
11.46000000,-0.06422608,0.15601087
11.47000000,-0.06266597,0.15857353
11.48000000,-0.06108023,0.16105192
11.49000000,-0.05946971,0.16344507
11.50000000,-0.05783526,0.16575209
11.51000000,-0.05617774,0.16797213
11.52000000,-0.05449802,0.17010440
11.53000000,-0.05279698,0.17214816
11.54000000,-0.05107549,0.17410273
11.55000000,-0.04933447,0.17596748
11.56000000,-0.04757479,0.17774185
11.57000000,-0.04579737,0.17942531
11.58000000,-0.04400312,0.18101741
11.59000000,-0.04219295,0.18251774
11.60000000,-0.04036777,0.18392594
11.61000000,-0.03852851,0.18524172
11.62000000,-0.03667609,0.18646484
11.63000000,-0.03481144,0.18759510
11.64000000,-0.03293549,0.18863239
11.65000000,-0.03104917,0.18957661
11.66000000,-0.02915340,0.19042774
11.67000000,-0.02724913,0.19118581
11.68000000,-0.02533727,0.19185090
11.69000000,-0.02341876,0.19242314
11.70000000,-0.02149453,0.19290272
11.71000000,-0.01956550,0.19328986
11.72000000,-0.01763260,0.19358486
11.73000000,-0.01569675,0.19378806
11.74000000,-0.01375887,0.19389984
11.75000000,-0.01181987,0.19392063
11.76000000,-0.00988067,0.19385093
11.77000000,-0.00794216,0.19369126
11.78000000,-0.00600525,0.19344220
11.79000000,-0.00407082,0.19310437
11.80000000,-0.00213978,0.19267845
11.81000000,-0.00021300,0.19216515
11.82000000,0.00170866,0.19156523
11.83000000,0.00362431,0.19087948
11.84000000,0.00553310,0.19010876
11.85000000,0.00743419,0.18925393
11.86000000,0.00932673,0.18831594
11.87000000,0.01120989,0.18729573
11.88000000,0.01308285,0.18619431
11.89000000,0.01494479,0.18501272
11.90000000,0.01679492,0.18375203
11.91000000,0.01863244,0.18241334
11.92000000,0.02045657,0.18099779
11.93000000,0.02226655,0.17950657
11.94000000,0.02406161,0.17794088
11.95000000,0.02584102,0.17630194
11.96000000,0.02760404,0.17459103
11.97000000,0.02934995,0.17280944
11.98000000,0.03107805,0.17095849
11.99000000,0.03278763,0.16903952
12.00000000,0.03447803,0.16705391
12.01000000,0.03614857,0.16500305
12.02000000,0.03779860,0.16288835
12.03000000,0.03942748,0.16071125
12.04000000,0.04103459,0.15847322
12.05000000,0.04261933,0.15617572
12.06000000,0.04418108,0.15382025
12.07000000,0.04571928,0.15140831
12.08000000,0.04723337,0.14894144
12.09000000,0.04872278,0.14642118
12.10000000,0.05018699,0.14384907
12.11000000,0.05162548,0.14122668
12.12000000,0.05303775,0.13855559
12.13000000,0.05442331,0.13583737
12.14000000,0.05578168,0.13307363
12.15000000,0.05711242,0.13026596
12.16000000,0.05841508,0.12741596
12.17000000,0.05968924,0.12452525
12.18000000,0.06093449,0.12159544
12.19000000,0.06215044,0.11862815
12.20000000,0.06333673,0.11562500
12.21000000,0.06449298,0.11258761
12.22000000,0.06561885,0.10951760
12.23000000,0.06671403,0.10641659
12.24000000,0.06777819,0.10328619
12.25000000,0.06881106,0.10012802
12.26000000,0.06981234,0.09694369
12.27000000,0.07078177,0.09373480
12.28000000,0.07171912,0.09050294
12.29000000,0.07262415,0.08724972
12.30000000,0.07349665,0.08397671
12.31000000,0.07433641,0.08068550
12.32000000,0.07514327,0.07737763
12.33000000,0.07591705,0.07405468
12.34000000,0.07665759,0.07071818
12.35000000,0.07736477,0.06736967
12.36000000,0.07803847,0.06401067
12.37000000,0.07867858,0.06064269
12.38000000,0.07928500,0.05726721
12.39000000,0.07985768,0.05388572
12.40000000,0.08039653,0.05049968
12.41000000,0.08090153,0.04711055
12.42000000,0.08137264,0.04371974
12.43000000,0.08180983,0.04032869
12.44000000,0.08221312,0.03693878
12.45000000,0.08258251,0.03355139
12.46000000,0.08291802,0.03016789
12.47000000,0.08321970,0.02678962
12.48000000,0.08348760,0.02341791
12.49000000,0.08372178,0.02005405
12.50000000,0.08392232,0.01669933
12.51000000,0.08408931,0.01335501
12.52000000,0.08422286,0.01002235
12.53000000,0.08432308,0.00670255
12.54000000,0.08439011,0.00339682
12.55000000,0.08442408,0.00010634
12.56000000,0.08442514,-0.00316774
12.57000000,0.08439346,-0.00642427
12.58000000,0.08432922,-0.00966215
12.59000000,0.08423260,-0.01288029
12.60000000,0.08410380,-0.01607762
12.61000000,0.08394302,-0.01925309
12.62000000,0.08375049,-0.02240568
12.63000000,0.08352643,-0.02553439
12.64000000,0.08327109,-0.02863824
12.65000000,0.08298471,-0.03171629
12.66000000,0.08266754,-0.03476759
12.67000000,0.08231987,-0.03779125
12.68000000,0.08194195,-0.04078638
12.69000000,0.08153409,-0.04375211
12.70000000,0.08109657,-0.04668761
12.71000000,0.08062969,-0.04959206
12.72000000,0.08013377,-0.05246467
12.73000000,0.07960913,-0.05530467
12.74000000,0.07905608,-0.05811131
12.75000000,0.07847497,-0.06088386
12.76000000,0.07786613,-0.06362162
12.77000000,0.07722991,-0.06632392
12.78000000,0.07656667,-0.06899008
12.79000000,0.07587677,-0.07161948
12.80000000,0.07516058,-0.07421150
12.81000000,0.07441846,-0.07676554
12.82000000,0.07365081,-0.07928103
12.83000000,0.07285800,-0.08175743
12.84000000,0.07204042,-0.08419418
12.85000000,0.07119848,-0.08659080
12.86000000,0.07033257,-0.08894678
12.87000000,0.06944310,-0.09126165
12.88000000,0.06853049,-0.09353496
12.89000000,0.06759514,-0.09576628
12.90000000,0.06663748,-0.09795520
12.91000000,0.06565792,-0.10010132
12.92000000,0.06465691,-0.10220427
12.93000000,0.06363487,-0.10426368
12.94000000,0.06259223,-0.10627923
12.95000000,0.06152944,-0.10825057
12.96000000,0.06044693,-0.11017741
12.97000000,0.05934516,-0.11205947
12.98000000,0.05822456,-0.11389645
12.99000000,0.05708560,-0.11568812
13.00000000,0.05592872,-0.11743423
13.01000000,0.05475438,-0.11913455
13.02000000,0.05356303,-0.12078888
13.03000000,0.05235514,-0.12239701
13.04000000,0.05113117,-0.12395877
13.05000000,0.04989158,-0.12547399
13.06000000,0.04863684,-0.12694252
13.07000000,0.04736742,-0.12836421
13.08000000,0.04608378,-0.12973894
13.09000000,0.04478639,-0.13106659
13.10000000,0.04347572,-0.13234707
13.11000000,0.04215225,-0.13358028
13.12000000,0.04081645,-0.13476614
13.13000000,0.03946879,-0.13590458
13.14000000,0.03810974,-0.13699556
13.15000000,0.03673978,-0.13803902
13.16000000,0.03535939,-0.13903493
13.17000000,0.03396905,-0.13998326
13.18000000,0.03256921,-0.14088400
13.19000000,0.03116037,-0.14173715
13.20000000,0.02974300,-0.14254270
13.21000000,0.02831757,-0.14330066
13.22000000,0.02688457,-0.14401107
13.23000000,0.02544446,-0.14467395
13.24000000,0.02399772,-0.14528932
13.25000000,0.02254482,-0.14585725
13.26000000,0.02108625,-0.14637778
13.27000000,0.01962247,-0.14685098
13.28000000,0.01815396,-0.14727690
13.29000000,0.01668119,-0.14765563
13.30000000,0.01520464,-0.14798724
13.31000000,0.01372477,-0.14827183
13.32000000,0.01224205,-0.14850947
13.33000000,0.01075695,-0.14870029
13.34000000,0.00926995,-0.14884437
13.35000000,0.00778151,-0.14894183
13.36000000,0.00629209,-0.14899279
13.37000000,0.00480216,-0.14899737
13.38000000,0.00331219,-0.14895570
13.39000000,0.00182263,-0.14886791
13.40000000,0.00033395,-0.14873413
13.41000000,-0.00115339,-0.14855452
13.42000000,-0.00263894,-0.14832922
13.43000000,-0.00412223,-0.14805838
13.44000000,-0.00560281,-0.14774216
13.45000000,-0.00708023,-0.14738072
13.46000000,-0.00855404,-0.14697423
13.47000000,-0.01002378,-0.14652285
13.48000000,-0.01148901,-0.14602678
13.49000000,-0.01294928,-0.14548617
13.50000000,-0.01440414,-0.14490123
13.51000000,-0.01585315,-0.14427214
13.52000000,-0.01729587,-0.14359910
13.53000000,-0.01873187,-0.14288230
13.54000000,-0.02016069,-0.14212194
13.55000000,-0.02158191,-0.14131824
13.56000000,-0.02299509,-0.14047141
13.57000000,-0.02439980,-0.13958166
13.58000000,-0.02579562,-0.13864922
13.59000000,-0.02718211,-0.13767432
13.60000000,-0.02855886,-0.13665718
13.61000000,-0.02992543,-0.13559804
13.62000000,-0.03128141,-0.13449715
13.63000000,-0.03262638,-0.13335476
13.64000000,-0.03395993,-0.13217111
13.65000000,-0.03528164,-0.13094647
13.66000000,-0.03659110,-0.12968110
13.67000000,-0.03788791,-0.12837528
13.68000000,-0.03917167,-0.12702927
13.69000000,-0.04044196,-0.12564336
13.70000000,-0.04169839,-0.12421784
13.71000000,-0.04294057,-0.12275300
13.72000000,-0.04416810,-0.12124915
13.73000000,-0.04538059,-0.11970660
13.74000000,-0.04657766,-0.11812566
13.75000000,-0.04775892,-0.11650665
13.76000000,-0.04892398,-0.11484990
13.77000000,-0.05007248,-0.11315576
13.78000000,-0.05120404,-0.11142456
13.79000000,-0.05231829,-0.10965667
13.80000000,-0.05341485,-0.10785244
13.81000000,-0.05449338,-0.10601225
13.82000000,-0.05555350,-0.10413647
13.83000000,-0.05659486,-0.10222548
13.84000000,-0.05761712,-0.10027970
13.85000000,-0.05861992,-0.09829952
13.86000000,-0.05960291,-0.09628535
13.87000000,-0.06056576,-0.09423763
13.88000000,-0.06150814,-0.09215679
13.89000000,-0.06242971,-0.09004327
13.90000000,-0.06333014,-0.08789753
13.91000000,-0.06420912,-0.08572004
13.92000000,-0.06506632,-0.08351126
13.93000000,-0.06590143,-0.08127169
13.94000000,-0.06671415,-0.07900183
13.95000000,-0.06750416,-0.07670218
13.96000000,-0.06827119,-0.07437327
13.97000000,-0.06901492,-0.07201562
13.98000000,-0.06973507,-0.06962979
13.99000000,-0.07043137,-0.06721633
14.00000000,-0.07110354,-0.06477580
14.01000000,-0.07175129,-0.06230880
14.02000000,-0.07237438,-0.05981590
14.03000000,-0.07297254,-0.05729772
14.04000000,-0.07354552,-0.05475488
14.05000000,-0.07409307,-0.05218800
14.06000000,-0.07461495,-0.04959774
14.07000000,-0.07511092,-0.04698474
14.08000000,-0.07558077,-0.04434968
14.09000000,-0.07602427,-0.04169324
14.10000000,-0.07644120,-0.03901613
14.11000000,-0.07683136,-0.03631904
14.12000000,-0.07719455,-0.03360270
14.13000000,-0.07753058,-0.03086786
14.14000000,-0.07783926,-0.02811526
14.15000000,-0.07812041,-0.02534566
14.16000000,-0.07837387,-0.02255985
14.17000000,-0.07859947,-0.01975861
14.18000000,-0.07879705,-0.01694276
14.19000000,-0.07896648,-0.01411311
14.20000000,-0.07910761,-0.01127049
14.21000000,-0.07922032,-0.00841574
14.22000000,-0.07930447,-0.00554974
14.23000000,-0.07935997,-0.00267334
14.24000000,-0.07938670,0.00021256
14.25000000,-0.07938458,0.00310706
14.26000000,-0.07935351,0.00600926
14.27000000,-0.07929342,0.00891824
14.28000000,-0.07920423,0.01183304
14.29000000,-0.07908590,0.01475273
14.30000000,-0.07893838,0.01767633
14.31000000,-0.07876161,0.02060289
14.32000000,-0.07855558,0.02353141
14.33000000,-0.07832027,0.02646089
14.34000000,-0.07805566,0.02939033
14.35000000,-0.07776176,0.03231870
14.36000000,-0.07743857,0.03524498
14.37000000,-0.07708612,0.03816813
14.38000000,-0.07670444,0.04108708
14.39000000,-0.07629357,0.04400079
14.40000000,-0.07585356,0.04690817
14.41000000,-0.07538448,0.04980816
14.42000000,-0.07488640,0.05269966
14.43000000,-0.07435940,0.05558157
14.44000000,-0.07380358,0.05845280
14.45000000,-0.07321906,0.06131222
14.46000000,-0.07260593,0.06415871
14.47000000,-0.07196435,0.06699116
14.48000000,-0.07129444,0.06980843
14.49000000,-0.07059635,0.07260938
14.50000000,-0.06987026,0.07539286
14.51000000,-0.06911633,0.07815774
14.52000000,-0.06833475,0.08090285
14.53000000,-0.06752572,0.08362704
14.54000000,-0.06668945,0.08632916
14.55000000,-0.06582616,0.08900804
14.56000000,-0.06493608,0.09166252
14.57000000,-0.06401946,0.09429144
14.58000000,-0.06307654,0.09689363
14.59000000,-0.06210760,0.09946792
14.60000000,-0.06111293,0.10201316
14.61000000,-0.06009279,0.10452818
14.62000000,-0.05904751,0.10701182
14.63000000,-0.05797739,0.10946292
14.64000000,-0.05688276,0.11188033
14.65000000,-0.05576396,0.11426289
14.66000000,-0.05462133,0.11660946
14.67000000,-0.05345524,0.11891890
14.68000000,-0.05226605,0.12119008
14.69000000,-0.05105415,0.12342186
14.70000000,-0.04981993,0.12561313
14.71000000,-0.04856380,0.12776277
14.72000000,-0.04728617,0.12986968
14.73000000,-0.04598747,0.13193277
14.74000000,-0.04466815,0.13395095
14.75000000,-0.04332864,0.13592315
14.76000000,-0.04196940,0.13784831
14.77000000,-0.04059092,0.13972538
14.78000000,-0.03919367,0.14155333
14.79000000,-0.03777813,0.14333114
14.80000000,-0.03634482,0.14505780
14.81000000,-0.03489425,0.14673233
14.82000000,-0.03342692,0.14835374
14.83000000,-0.03194338,0.14992109
14.84000000,-0.03044417,0.15143343
14.85000000,-0.02892984,0.15288984
14.86000000,-0.02740094,0.15428943
14.87000000,-0.02585805,0.15563131
14.88000000,-0.02430173,0.15691461
14.89000000,-0.02273259,0.15813852
14.90000000,-0.02115120,0.15930219
14.91000000,-0.01955818,0.16040485
14.92000000,-0.01795413,0.16144571
14.93000000,-0.01633967,0.16242404
14.94000000,-0.01471543,0.16333910
14.95000000,-0.01308204,0.16419021
14.96000000,-0.01144014,0.16497668
14.97000000,-0.00979037,0.16569789
14.98000000,-0.00813340,0.16635320
14.99000000,-0.00646986,0.16694203
15.00000000,-0.00480044,0.16746381
15.01000000,-0.00312581,0.16791802
15.02000000,-0.00144663,0.16830415
15.03000000,0.00023642,0.16862172
15.04000000,0.00192263,0.16887030
15.05000000,0.00361134,0.16904947
15.06000000,0.00530183,0.16915885
15.07000000,0.00699342,0.16919808
15.08000000,0.00868540,0.16916686
15.09000000,0.01037707,0.16906490
15.10000000,0.01206772,0.16889195
15.11000000,0.01375664,0.16864778
15.12000000,0.01544312,0.16833222
15.13000000,0.01712644,0.16794511
15.14000000,0.01880589,0.16748634
15.15000000,0.02048075,0.16695583
15.16000000,0.02215031,0.16635352
15.17000000,0.02381385,0.16567941
15.18000000,0.02547064,0.16493353
15.19000000,0.02711998,0.16411592
15.20000000,0.02876113,0.16322669
15.21000000,0.03039340,0.16226596
15.22000000,0.03201606,0.16123390
15.23000000,0.03362840,0.16013072
15.24000000,0.03522971,0.15895665
15.25000000,0.03681927,0.15771197
15.26000000,0.03839639,0.15639699
15.27000000,0.03996036,0.15501205
15.28000000,0.04151048,0.15355754
15.29000000,0.04304606,0.15203388
15.30000000,0.04456640,0.15044152
15.31000000,0.04607081,0.14878096
15.32000000,0.04755862,0.14705271
15.33000000,0.04902915,0.14525735
15.34000000,0.05048172,0.14339546
15.35000000,0.05191568,0.14146769
15.36000000,0.05333035,0.13947470
15.37000000,0.05472510,0.13741720
15.38000000,0.05609927,0.13529592
15.39000000,0.05745223,0.13311163
15.40000000,0.05878335,0.13086515
15.41000000,0.06009200,0.12855730
15.42000000,0.06137757,0.12618897
15.43000000,0.06263946,0.12376105
15.44000000,0.06387707,0.12127449
15.45000000,0.06508982,0.11873026
15.46000000,0.06627712,0.11612937
15.47000000,0.06743842,0.11347283
15.48000000,0.06857314,0.11076173
15.49000000,0.06968076,0.10799715
15.50000000,0.07076073,0.10518021
15.51000000,0.07181253,0.10231208
15.52000000,0.07283566,0.09939394
15.53000000,0.07382959,0.09642699
15.54000000,0.07479386,0.09341248
15.55000000,0.07572799,0.09035168
15.56000000,0.07663151,0.08724586
15.57000000,0.07750396,0.08409636
15.58000000,0.07834493,0.08090452
15.59000000,0.07915397,0.07767170
15.60000000,0.07993069,0.07439929
15.61000000,0.08067468,0.07108872
15.62000000,0.08138557,0.06774142
15.63000000,0.08206298,0.06435884
15.64000000,0.08270657,0.06094248
15.65000000,0.08331600,0.05749382
15.66000000,0.08389094,0.05401440
15.67000000,0.08443108,0.05050575
15.68000000,0.08493614,0.04696942
15.69000000,0.08540583,0.04340700
15.70000000,0.08583990,0.03982007
15.71000000,0.08623810,0.03621024
15.72000000,0.08660021,0.03257914
15.73000000,0.08692600,0.02892839
15.74000000,0.08721528,0.02525965
15.75000000,0.08746788,0.02157458
15.76000000,0.08768362,0.01787486
15.77000000,0.08786237,0.01416216
15.78000000,0.08800399,0.01043818
15.79000000,0.08810837,0.00670462
15.80000000,0.08817542,0.00296320
15.81000000,0.08820505,-0.00078436
15.82000000,0.08819721,-0.00453636
15.83000000,0.08815185,-0.00829104
15.84000000,0.08806894,-0.01204668
15.85000000,0.08794847,-0.01580155
15.86000000,0.08779045,-0.01955389
15.87000000,0.08759491,-0.02330197
15.88000000,0.08736189,-0.02704404
15.89000000,0.08709145,-0.03077836
15.90000000,0.08678367,-0.03450319
15.91000000,0.08643864,-0.03821679
15.92000000,0.08605647,-0.04191740
15.93000000,0.08563730,-0.04560332
15.94000000,0.08518126,-0.04927279
15.95000000,0.08468854,-0.05292410
15.96000000,0.08415929,-0.05655553
15.97000000,0.08359374,-0.06016536
15.98000000,0.08299209,-0.06375190
15.99000000,0.08235457,-0.06731345
16.00000000,0.08168143,-0.07084833
16.01000000,0.08097295,-0.07435486
16.02000000,0.08022940,-0.07783139
16.03000000,0.07945109,-0.08127626
16.04000000,0.07863832,-0.08468784
16.05000000,0.07779145,-0.08806450
16.06000000,0.07691080,-0.09140466
16.07000000,0.07599675,-0.09470671
16.08000000,0.07504969,-0.09796909
16.09000000,0.07407000,-0.10119024
16.10000000,0.07305809,-0.10436862
16.11000000,0.07201441,-0.10750273
16.12000000,0.07093938,-0.11059107
16.13000000,0.06983347,-0.11363217
16.14000000,0.06869715,-0.11662458
16.15000000,0.06753090,-0.11956686
16.16000000,0.06633523,-0.12245762
16.17000000,0.06511066,-0.12529547
16.18000000,0.06385770,-0.12807907
16.19000000,0.06257691,-0.13080708
16.20000000,0.06126884,-0.13347821
16.21000000,0.05993406,-0.13609118
16.22000000,0.05857315,-0.13864474
16.23000000,0.05718670,-0.14113769
16.24000000,0.05577532,-0.14356883
16.25000000,0.05433963,-0.14593702
16.26000000,0.05288026,-0.14824111
16.27000000,0.05139785,-0.15048004
16.28000000,0.04989305,-0.15265272
16.29000000,0.04836653,-0.15475814
16.30000000,0.04681894,-0.15679530
16.31000000,0.04525099,-0.15876324
16.32000000,0.04366336,-0.16066103
16.33000000,0.04205675,-0.16248779
16.34000000,0.04043187,-0.16424266
16.35000000,0.03878944,-0.16592481
16.36000000,0.03713020,-0.16753348
16.37000000,0.03545486,-0.16906791
16.38000000,0.03376418,-0.17052739
16.39000000,0.03205891,-0.17191126
16.40000000,0.03033980,-0.17321887
16.41000000,0.02860761,-0.17444965
16.42000000,0.02686311,-0.17560303
16.43000000,0.02510708,-0.17667849
16.44000000,0.02334029,-0.17767556
16.45000000,0.02156354,-0.17859381
16.46000000,0.01977760,-0.17943283
16.47000000,0.01798327,-0.18019226
16.48000000,0.01618135,-0.18087179
16.49000000,0.01437263,-0.18147115
16.50000000,0.01255792,-0.18199008
16.51000000,0.01073802,-0.18242841
16.52000000,0.00891374,-0.18278596
16.53000000,0.00708588,-0.18306262
16.54000000,0.00525525,-0.18325833
16.55000000,0.00342267,-0.18337303
16.56000000,0.00158894,-0.18340675
16.57000000,-0.00024513,-0.18335951
16.58000000,-0.00207873,-0.18323142
16.59000000,-0.00391104,-0.18302259
16.60000000,-0.00574127,-0.18273318
16.61000000,-0.00756860,-0.18236342
16.62000000,-0.00939223,-0.18191353
16.63000000,-0.01121137,-0.18138381
16.64000000,-0.01302521,-0.18077457
16.65000000,-0.01483295,-0.18008618
16.66000000,-0.01663381,-0.17931905
16.67000000,-0.01842700,-0.17847360
16.68000000,-0.02021174,-0.17755031
16.69000000,-0.02198724,-0.17654970
16.70000000,-0.02375274,-0.17547232
16.71000000,-0.02550746,-0.17431875
16.72000000,-0.02725065,-0.17308962
16.73000000,-0.02898155,-0.17178559
16.74000000,-0.03069940,-0.17040735
16.75000000,-0.03240348,-0.16895562
16.76000000,-0.03409303,-0.16743119
16.77000000,-0.03576734,-0.16583483
16.78000000,-0.03742569,-0.16416738
16.79000000,-0.03906737,-0.16242971
16.80000000,-0.04069166,-0.16062270
16.81000000,-0.04229789,-0.15874728
16.82000000,-0.04388536,-0.15680441
16.83000000,-0.04545341,-0.15479508
16.84000000,-0.04700136,-0.15272030
16.85000000,-0.04852856,-0.15058111
16.86000000,-0.05003437,-0.14837859
16.87000000,-0.05151816,-0.14611384
16.88000000,-0.05297930,-0.14378798
16.89000000,-0.05441718,-0.14140217
16.90000000,-0.05583120,-0.13895759
16.91000000,-0.05722077,-0.13645543
16.92000000,-0.05858533,-0.13389693
16.93000000,-0.05992430,-0.13128333
16.94000000,-0.06123713,-0.12861591
16.95000000,-0.06252329,-0.12589595
16.96000000,-0.06378225,-0.12312478
16.97000000,-0.06501350,-0.12030373
16.98000000,-0.06621653,-0.11743414
16.99000000,-0.06739088,-0.11451740
17.00000000,-0.06853605,-0.11155488
17.01000000,-0.06965160,-0.10854800
17.02000000,-0.07073708,-0.10549819
17.03000000,-0.07179206,-0.10240687
17.04000000,-0.07281613,-0.09927549
17.05000000,-0.07380888,-0.09610554
17.06000000,-0.07476994,-0.09289847
17.07000000,-0.07569892,-0.08965579
17.08000000,-0.07659548,-0.08637899
17.09000000,-0.07745927,-0.08306960
17.10000000,-0.07828997,-0.07972912
17.11000000,-0.07908726,-0.07635910
17.12000000,-0.07985085,-0.07296107
17.13000000,-0.08058046,-0.06953657
17.14000000,-0.08127583,-0.06608717
17.15000000,-0.08193670,-0.06261442
17.16000000,-0.08256284,-0.05911988
17.17000000,-0.08315404,-0.05560513
17.18000000,-0.08371009,-0.05207173
17.19000000,-0.08423081,-0.04852127
17.20000000,-0.08471602,-0.04495531
17.21000000,-0.08516558,-0.04137544
17.22000000,-0.08557933,-0.03778324
17.23000000,-0.08595716,-0.03418028
17.24000000,-0.08629896,-0.03056814
17.25000000,-0.08660465,-0.02694840
17.26000000,-0.08687413,-0.02332263
17.27000000,-0.08710736,-0.01969240
17.28000000,-0.08730428,-0.01605929
17.29000000,-0.08746487,-0.01242484
17.30000000,-0.08758912,-0.00879063
17.31000000,-0.08767703,-0.00515820
17.32000000,-0.08772861,-0.00152910
17.33000000,-0.08774390,0.00209514
17.34000000,-0.08772295,0.00571298
17.35000000,-0.08766582,0.00932290
17.36000000,-0.08757259,0.01292339
17.37000000,-0.08744336,0.01651294
17.38000000,-0.08727823,0.02009005
17.39000000,-0.08707733,0.02365326
17.40000000,-0.08684079,0.02720108
17.41000000,-0.08656878,0.03073206
17.42000000,-0.08626146,0.03424474
17.43000000,-0.08591902,0.03773770
17.44000000,-0.08554164,0.04120951
17.45000000,-0.08512954,0.04465876
17.46000000,-0.08468296,0.04808408
17.47000000,-0.08420212,0.05148407
17.48000000,-0.08368727,0.05485738
17.49000000,-0.08313870,0.05820267
17.50000000,-0.08255667,0.06151860
17.51000000,-0.08194149,0.06480387
17.52000000,-0.08129345,0.06805718
17.53000000,-0.08061288,0.07127726
17.54000000,-0.07990011,0.07446286
17.55000000,-0.07915548,0.07761273
17.56000000,-0.07837935,0.08072565
17.57000000,-0.07757209,0.08380044
17.58000000,-0.07673409,0.08683591
17.59000000,-0.07586573,0.08983091
17.60000000,-0.07496742,0.09278429
17.61000000,-0.07403958,0.09569495
17.62000000,-0.07308263,0.09856180
17.63000000,-0.07209701,0.10138376
17.64000000,-0.07108317,0.10415978
17.65000000,-0.07004157,0.10688884
17.66000000,-0.06897269,0.10956994
17.67000000,-0.06787699,0.11220210
17.68000000,-0.06675497,0.11478437
17.69000000,-0.06560712,0.11731580
17.70000000,-0.06443396,0.11979551
17.71000000,-0.06323601,0.12222260
17.72000000,-0.06201378,0.12459622
17.73000000,-0.06076782,0.12691553
17.74000000,-0.05949867,0.12917973
17.75000000,-0.05820687,0.13138804
17.76000000,-0.05689299,0.13353970
17.77000000,-0.05555759,0.13563399
17.78000000,-0.05420125,0.13767019
17.79000000,-0.05282455,0.13964763
17.80000000,-0.05142807,0.14156566
17.81000000,-0.05001242,0.14342365
17.82000000,-0.04857818,0.14522102
17.83000000,-0.04712597,0.14695717
17.84000000,-0.04565640,0.14863158
17.85000000,-0.04417008,0.15024372
17.86000000,-0.04266764,0.15179310
17.87000000,-0.04114971,0.15327926
17.88000000,-0.03961692,0.15470177
17.89000000,-0.03806990,0.15606020
17.90000000,-0.03650930,0.15735419
17.91000000,-0.03493576,0.15858338
17.92000000,-0.03334993,0.15974744
17.93000000,-0.03175245,0.16084606
17.94000000,-0.03014399,0.16187898
17.95000000,-0.02852520,0.16284595
17.96000000,-0.02689674,0.16374676
17.97000000,-0.02525927,0.16458120
17.98000000,-0.02361346,0.16534912
17.99000000,-0.02195997,0.16605038
18.00000000,-0.02029947,0.16668486
18.01000000,-0.01863262,0.16725249
18.02000000,-0.01696009,0.16775321
18.03000000,-0.01528256,0.16818698
18.04000000,-0.01360069,0.16855379
18.05000000,-0.01191515,0.16885368
18.06000000,-0.01022662,0.16908669
18.07000000,-0.00853575,0.16925290
18.08000000,-0.00684322,0.16935239
18.09000000,-0.00514970,0.16938530
18.10000000,-0.00345584,0.16935178
18.11000000,-0.00176233,0.16925200
18.12000000,-0.00006981,0.16908616
18.13000000,0.00162106,0.16885449
18.14000000,0.00330960,0.16855724
18.15000000,0.00499517,0.16819467
18.16000000,0.00667712,0.16776709
18.17000000,0.00835479,0.16727482
18.18000000,0.01002754,0.16671820
18.19000000,0.01169472,0.16609759
18.20000000,0.01335570,0.16541340
18.21000000,0.01500983,0.16466602
18.22000000,0.01665649,0.16385590
18.23000000,0.01829505,0.16298350
18.24000000,0.01992489,0.16204928
18.25000000,0.02154538,0.16105375
18.26000000,0.02315592,0.15999744
18.27000000,0.02475589,0.15888087
18.28000000,0.02634470,0.15770462
18.29000000,0.02792174,0.15646926
18.30000000,0.02948644,0.15517539
18.31000000,0.03103819,0.15382364
18.32000000,0.03257643,0.15241464
18.33000000,0.03410057,0.15094905
18.34000000,0.03561006,0.14942754
18.35000000,0.03710434,0.14785081
18.36000000,0.03858285,0.14621957
18.37000000,0.04004504,0.14453455
18.38000000,0.04149039,0.14279649
18.39000000,0.04291835,0.14100614
18.40000000,0.04432842,0.13916430
18.41000000,0.04572006,0.13727174
18.42000000,0.04709278,0.13532928
18.43000000,0.04844607,0.13333773
18.44000000,0.04977945,0.13129794
18.45000000,0.05109243,0.12921075
18.46000000,0.05238453,0.12707703
18.47000000,0.05365530,0.12489766
18.48000000,0.05490428,0.12267352
18.49000000,0.05613102,0.12040552
18.50000000,0.05733507,0.11809457
18.51000000,0.05851602,0.11574160
18.52000000,0.05967343,0.11334754
18.53000000,0.06080691,0.11091335
18.54000000,0.06191604,0.10843999
18.55000000,0.06300044,0.10592842
18.56000000,0.06405973,0.10337963
18.57000000,0.06509352,0.10079460
18.58000000,0.06610147,0.09817433
18.59000000,0.06708321,0.09551983
18.60000000,0.06803841,0.09283212
18.61000000,0.06896673,0.09011222
18.62000000,0.06986785,0.08736116
18.63000000,0.07074146,0.08457998
18.64000000,0.07158726,0.08176973
18.65000000,0.07240496,0.07893147
18.66000000,0.07319428,0.07606624
18.67000000,0.07395494,0.07317513
18.68000000,0.07468669,0.07025919
18.69000000,0.07538928,0.06731951
18.70000000,0.07606248,0.06435717
18.71000000,0.07670605,0.06137325
18.72000000,0.07731978,0.05836886
18.73000000,0.07790347,0.05534507
18.74000000,0.07845692,0.05230301
18.75000000,0.07897995,0.04924376
18.76000000,0.07947239,0.04616844
18.77000000,0.07993407,0.04307815
18.78000000,0.08036485,0.03997401
18.79000000,0.08076459,0.03685713
18.80000000,0.08113316,0.03372863
18.81000000,0.08147045,0.03058963
18.82000000,0.08177635,0.02744125
18.83000000,0.08205076,0.02428461
18.84000000,0.08229361,0.02112084
18.85000000,0.08250481,0.01795105
18.86000000,0.08268432,0.01477637
18.87000000,0.08283209,0.01159793
18.88000000,0.08294807,0.00841684
18.89000000,0.08303224,0.00523424
18.90000000,0.08308458,0.00205124
18.91000000,0.08310509,-0.00113103
18.92000000,0.08309378,-0.00431145
18.93000000,0.08305067,-0.00748891
18.94000000,0.08297578,-0.01066229
18.95000000,0.08286915,-0.01383046
18.96000000,0.08273085,-0.01699233
18.97000000,0.08256093,-0.02014677
18.98000000,0.08235946,-0.02329269
18.99000000,0.08212653,-0.02642897
19.00000000,0.08186224,-0.02955451
19.01000000,0.08156670,-0.03266823
19.02000000,0.08124001,-0.03576902
19.03000000,0.08088232,-0.03885579
19.04000000,0.08049377,-0.04192747
19.05000000,0.08007449,-0.04498297
19.06000000,0.07962466,-0.04802121
19.07000000,0.07914445,-0.05104114
19.08000000,0.07863404,-0.05404167
19.09000000,0.07809362,-0.05702176
19.10000000,0.07752340,-0.05998035
19.11000000,0.07692360,-0.06291640
19.12000000,0.07629444,-0.06582887
19.13000000,0.07563615,-0.06871672
19.14000000,0.07494898,-0.07157893
19.15000000,0.07423319,-0.07441449
19.16000000,0.07348905,-0.07722238
19.17000000,0.07271682,-0.08000160
19.18000000,0.07191681,-0.08275117
19.19000000,0.07108930,-0.08547009
19.20000000,0.07023459,-0.08815739
19.21000000,0.06935302,-0.09081210
19.22000000,0.06844490,-0.09343327
19.23000000,0.06751057,-0.09601995
19.24000000,0.06655037,-0.09857121
19.25000000,0.06556465,-0.10108611
19.26000000,0.06455379,-0.10356375
19.27000000,0.06351816,-0.10600322
19.28000000,0.06245812,-0.10840362
19.29000000,0.06137409,-0.11076408
19.30000000,0.06026645,-0.11308372
19.31000000,0.05913561,-0.11536169
19.32000000,0.05798199,-0.11759715
19.33000000,0.05680602,-0.11978926
19.34000000,0.05560813,-0.12193720
19.35000000,0.05438876,-0.12404017
19.36000000,0.05314836,-0.12609738
19.37000000,0.05188738,-0.12810805
19.38000000,0.05060630,-0.13007141
19.39000000,0.04930559,-0.13198673
19.40000000,0.04798572,-0.13385326
19.41000000,0.04664719,-0.13567030
19.42000000,0.04529048,-0.13743713
19.43000000,0.04391611,-0.13915307
19.44000000,0.04252458,-0.14081746
19.45000000,0.04111641,-0.14242963
19.46000000,0.03969211,-0.14398895
19.47000000,0.03825222,-0.14549481
19.48000000,0.03679727,-0.14694659
19.49000000,0.03532781,-0.14834372
19.50000000,0.03384437,-0.14968562
19.51000000,0.03234751,-0.15097176
19.52000000,0.03083780,-0.15220159
19.53000000,0.02931578,-0.15337461
19.54000000,0.02778203,-0.15449032
19.55000000,0.02623713,-0.15554825
19.56000000,0.02468165,-0.15654795
19.57000000,0.02311617,-0.15748899
19.58000000,0.02154128,-0.15837094
19.59000000,0.01995757,-0.15919342
19.60000000,0.01836564,-0.15995605
19.61000000,0.01676608,-0.16065848
19.62000000,0.01515949,-0.16130038
19.63000000,0.01354649,-0.16188144
19.64000000,0.01192767,-0.16240136
19.65000000,0.01030366,-0.16285988
19.66000000,0.00867506,-0.16325675
19.67000000,0.00704249,-0.16359176
19.68000000,0.00540657,-0.16386468
19.69000000,0.00376793,-0.16407536
19.70000000,0.00212717,-0.16422362
19.71000000,0.00048494,-0.16430934
19.72000000,-0.00115816,-0.16433239
19.73000000,-0.00280148,-0.16429270
19.74000000,-0.00444441,-0.16419019
19.75000000,-0.00608631,-0.16402483
19.76000000,-0.00772656,-0.16379658
19.77000000,-0.00936452,-0.16350545
19.78000000,-0.01099958,-0.16315148
19.79000000,-0.01263109,-0.16273470
19.80000000,-0.01425844,-0.16225519
19.81000000,-0.01588099,-0.16171305
19.82000000,-0.01749812,-0.16110839
19.83000000,-0.01910920,-0.16044137
19.84000000,-0.02071362,-0.15971215
19.85000000,-0.02231074,-0.15892091
19.86000000,-0.02389995,-0.15806789
19.87000000,-0.02548063,-0.15715330
19.88000000,-0.02705216,-0.15617742
19.89000000,-0.02861394,-0.15514053
19.90000000,-0.03016534,-0.15404294
19.91000000,-0.03170577,-0.15288498
19.92000000,-0.03323462,-0.15166702
19.93000000,-0.03475129,-0.15038943
19.94000000,-0.03625518,-0.14905261
19.95000000,-0.03774571,-0.14765699
19.96000000,-0.03922228,-0.14620303
19.97000000,-0.04068431,-0.14469119
19.98000000,-0.04213122,-0.14312197
19.99000000,-0.04356244,-0.14149590
